NULL,500,In-progress,H088
NULL,500,In-progress,H088
NULL,500,In-progress,H088
NULL,500,In-progress,H088
NULL,500,In-progress,H088
NULL,500,In-progress,H088
NULL,500,In-progress,H088
NULL,500,In-progress,H088
NULL,500,In-progress,H088
NULL,500,In-progress,H088
NULL,500,In-progress,H088
NULL,500,In-progress,H088
NULL,500,In-progress,H088
NULL,500,In-progress,H088
NULL,500,In-progress,H088
NULL,500,In-progress,H088
NULL,500,In-progress,H088
NULL,500,In-progress,H088
NULL,500,In-progress,H088
NULL,500,In-progress,H088
NULL,500,In-progress,H088
NULL,500,In-progress,H088
NULL,500,In-progress,H088
NULL,500,In-progress,H088
NULL,500,In-progress,H088
NULL,500,In-progress,H088
NULL,500,In-progress,H088
NULL,500,In-progress,H088
NULL,500,In-progress,H088
NULL,500,In-progress,H088
